batch times pre normalized by hold_sec =,5.0
wer, 10.0
cer, 3.81355932203
bs, 1
hold_idx, 2510
cuda, False
avg batch time, 1.43469040871
50%-tile latency, 1.41816058159
99%-tile latency, 1.63324417591
through put, 0.705138764243
data
1.47177000046
1.41897959709
1.67112083435
1.41865401268
1.41873459816
1.41852498055
1.4182806015
1.41710839272
1.41727542877
1.41739559174
1.43122420311
1.4331346035
1.41804056168
1.41726522446
1.41676898003
1.4177631855
1.41743679047
1.41700439453
1.41784720421
1.41947898865
