batch times pre normalized by hold_sec =,5.0
wer, 10.0
cer, 3.81355932203
bs, 10
hold_idx, 2510
cuda, False
avg batch time, 2.58156618357
50%-tile latency, 0.25394367218
99%-tile latency, 0.321933681488
through put, 3.93788115063
data
3.37659540176
2.54891862869
2.5416697979
2.53822302818
2.54041538239
2.53939723969
2.54218277931
2.54073219299
2.53766379356
2.53710241318
2.53629837036
2.53873100281
2.54067120552
2.53921599388
2.53947620392
2.54062380791
2.54203019142
2.53705983162
2.53728179932
2.53703460693
