batch times pre normalized by hold_sec =,5.0
wer, 10.0
cer, 3.81355932203
bs, 11
hold_idx, 2510
cuda, False
avg batch time, 2.67680160284
50%-tile latency, 0.240664681521
99%-tile latency, 0.284070579529
through put, 4.15515892768
data
3.23566422462
2.65136179924
2.64726338387
2.64740781784
2.65130581856
2.64631376266
2.64587879181
2.64639539719
2.6445166111
2.6451936245
2.64541921616
2.64494838715
2.64550561905
2.64863262177
2.6473596096
2.65204396248
2.64568939209
2.64788517952
2.6494535923
2.64779324532
