batch times pre normalized by hold_sec =,5.0
wer, 10.0
cer, 3.81355932203
bs, 12
hold_idx, 2510
cuda, False
avg batch time, 2.81629472017
50%-tile latency, 0.229001992941
99%-tile latency, 0.318776994665
through put, 4.36677422392
data
4.07080936432
2.74737639427
2.7473197937
2.74891018867
2.74693279266
2.7492225647
2.7487552166
2.7481344223
2.75032758713
2.74791340828
2.74921760559
2.77878079414
2.75137257576
2.74735841751
2.74642982483
2.74459781647
2.74704442024
2.76302661896
2.74471158981
2.74765300751
