batch times pre normalized by hold_sec =,5.0
wer, 10.0
cer, 3.81355932203
bs, 2
hold_idx, 2510
cuda, False
avg batch time, 1.71221334696
50%-tile latency, 0.848403394222
99%-tile latency, 0.970287738323
through put, 1.1786845819
data
1.99705657959
1.69978761673
1.69720401764
1.6965734005
1.69639158249
1.69665517807
1.69629497528
1.69624018669
1.69642362595
1.69657201767
1.69717597961
1.69832596779
1.69856200218
1.69810299873
1.69807338715
1.69864001274
1.69639501572
1.69649419785
1.69633979797
1.69695839882
