batch times pre normalized by hold_sec =,5.0
wer, 10.0
cer, 3.81355932203
bs, 3
hold_idx, 2510
cuda, False
avg batch time, 2.04806150913
50%-tile latency, 0.63373773098
99%-tile latency, 0.937888041019
through put, 1.57793981819
data
2.83072938919
2.74091219902
2.72334799767
1.8835018158
2.32705340385
2.03390002251
1.91444578171
1.80576701164
1.98893723488
1.85720596313
2.02729139328
1.88322000504
2.04358320236
1.88798060417
2.05143837929
1.79372677803
1.79320840836
1.79216623306
1.79269037247
1.7901239872
