batch times pre normalized by hold_sec =,5.0
wer, 10.0
cer, 3.81355932203
bs, 4
hold_idx, 2510
cuda, False
avg batch time, 1.95324846506
50%-tile latency, 0.474653381109
99%-tile latency, 0.695518946052
through put, 2.10680054077
data
2.98815779686
1.903515625
1.89894161224
1.89871721268
1.89860162735
1.89806222916
1.8979765892
1.89821820259
1.89891762733
1.89846663475
1.89944763184
1.89865942001
1.89752697945
1.898067379
1.89862542152
1.89824018478
1.89910616875
1.8996175766
1.89820957184
1.89789381027
