batch times pre normalized by hold_sec =,5.0
wer, 10.0
cer, 3.81355932203
bs, 5
hold_idx, 2510
cuda, False
avg batch time, 2.07931843519
50%-tile latency, 0.400159478188
99%-tile latency, 0.536606451988
through put, 2.49900365856
data
2.21531462669
2.54377140999
2.12015938759
2.71569838524
1.99691777229
1.99812321663
1.99857616425
1.99682822227
1.99859457016
1.99817037582
1.99805879593
1.99808020592
2.00086841583
2.002312994
2.00077719688
2.00081758499
1.99984755516
2.00093283653
2.00146079063
2.00105819702
