batch times pre normalized by hold_sec =,5.0
wer, 10.0
cer, 3.81355932203
bs, 6
hold_idx, 2510
cuda, False
avg batch time, 2.16445539713
50%-tile latency, 0.351155118148
99%-tile latency, 0.46789702026
through put, 2.84774433953
data
2.22629938126
2.11201043129
2.10687942505
2.10772399902
2.10805978775
2.10535240173
2.1068145752
2.10623083115
2.10601100922
2.10584096909
2.10635938644
2.10494799614
2.10459699631
2.10512480736
2.10759177208
2.10851016045
2.92077817917
2.32395682335
2.10698199272
2.10903701782
