batch times pre normalized by hold_sec =,5.0
wer, 10.0
cer, 3.81355932203
bs, 7
hold_idx, 2510
cuda, False
avg batch time, 2.2806271863
50%-tile latency, 0.317333657401
99%-tile latency, 0.432980587551
through put, 3.15125728607
data
2.46982021332
3.16246700287
2.22520780563
2.22372460365
2.22383003235
2.22292761803
2.2212334156
2.22143778801
2.21965961456
2.22089142799
2.22042183876
2.22149400711
2.2215034008
2.22157597542
2.22059640884
2.21756739616
2.21901640892
2.22049036026
2.21959080696
2.21908760071
