batch times pre normalized by hold_sec =,5.0
wer, 10.0
cer, 3.81355932203
bs, 8
hold_idx, 2510
cuda, False
avg batch time, 2.6785673666
50%-tile latency, 0.306807684898
99%-tile latency, 0.417254766285
through put, 3.25937076945
data
3.34525399208
3.30727577209
3.25287103653
2.51666617393
2.33800640106
3.26326980591
2.72929420471
2.33797020912
2.33688840866
2.85789341927
2.41358580589
2.39553656578
2.38140616417
2.37231678963
2.36425862312
2.36049237251
3.21338539124
2.87605323792
2.42374558449
2.48517737389
