batch times pre normalized by hold_sec =,5.0
wer, 10.0
cer, 3.81355932203
bs, 9
hold_idx, 2510
cuda, False
avg batch time, 2.63199483156
50%-tile latency, 0.26880262163
99%-tile latency, 0.395861713145
through put, 3.72020181179
data
3.58733921051
3.45795083046
3.45482621193
3.44004559517
2.41698637009
2.41983680725
2.41836118698
2.41688799858
2.41968421936
2.41904640198
2.41911840439
2.4191904068
2.41637921333
2.41717939377
2.41770100594
2.41929597855
2.41925678253
2.41803479195
2.42203159332
2.42074422836
