batch times pre normalized by hold_sec =,5.0
wer, 10.0
cer, 3.81355932203
bs, 1
hold_idx, 2510
cuda, False
avg batch time, 1.42482086945
50%-tile latency, 1.42280402184
99%-tile latency, 1.49109920549
through put, 0.702837484751
data
1.55537242889
1.4199177742
1.4201379776
1.42079019547
1.41985678673
1.41993103027
1.41950740814
1.42078900337
1.41957101822
1.41992959976
1.42041420937
1.42046637535
1.42016363144
1.42104997635
1.42133684158
1.42061538696
1.42065877914
1.41995019913
1.41969261169
1.42084217072
1.42306098938
1.42249360085
1.42289919853
1.42309536934
1.42265219688
1.42283120155
1.42306041718
1.4230175972
1.42258162498
1.42302598953
1.42248878479
1.42398519516
1.42376418114
1.42266159058
1.42380800247
1.42420258522
1.42369279861
1.42387742996
1.42358360291
1.42382082939
1.42384142876
1.42373318672
1.42403998375
1.42411060333
1.42344799042
1.42358260155
1.42294521332
1.42357783318
1.42339119911
1.42277684212
