batch times pre normalized by hold_sec =,5.0
wer, 10.0
cer, 3.81355932203
bs, 10
hold_idx, 2510
cuda, False
avg batch time, 2.60546500206
50%-tile latency, 0.253437700272
99%-tile latency, 0.313487492371
through put, 3.94574287459
data
3.14373998642
3.1256480217
2.96115818024
3.02910017967
2.78788180351
2.65246162415
2.60982818604
2.72105879784
2.59541902542
2.75281939507
2.64099183083
2.53548436165
2.5322865963
2.53231859207
2.53133358955
2.53550319672
2.53477277756
2.53316378593
2.53532056808
2.53536138535
2.53447575569
2.53349561691
2.53351101875
2.5341345787
2.53373799324
2.53427319527
2.53315682411
2.53329463005
2.53193879128
2.53528943062
2.53277916908
2.53292379379
2.53339238167
2.53219919205
2.53233423233
2.53233180046
2.53605217934
2.53455042839
2.53441238403
2.53449158669
2.53214201927
2.53235902786
2.53215460777
2.53133378029
2.53337817192
2.5343416214
2.53194160461
2.61394300461
2.78724417686
2.64598522186
