batch times pre normalized by hold_sec =,5.0
wer, 10.0
cer, 3.81355932203
bs, 11
hold_idx, 2510
cuda, False
avg batch time, 2.64613714886
50%-tile latency, 0.239352846146
99%-tile latency, 0.270256459756
through put, 4.17793235428
data
3.29463043213
2.63787660599
2.63645262718
2.63506817818
2.63211798668
2.63295717239
2.63248500824
2.63391056061
2.63197340965
2.63288321495
2.63394680023
2.63131518364
2.63066220284
2.63344039917
2.63287940025
2.63235721588
2.63351340294
2.63637843132
2.63410139084
2.6319434166
2.63088760376
2.63341679573
2.63220219612
2.63054895401
2.6313685894
2.63167099953
2.63170800209
2.62904977798
2.63090901375
2.63054318428
2.63563961983
2.63516259193
2.63161001205
2.63286719322
2.63466901779
2.63072018623
2.63335318565
2.63180480003
2.63343663216
2.63466682434
2.63343939781
2.63323321342
2.63036241531
2.63176240921
2.63207540512
2.63321442604
2.63330278397
2.6339319706
2.6357252121
2.63268198967
