batch times pre normalized by hold_sec =,5.0
wer, 10.0
cer, 3.81355932203
bs, 12
hold_idx, 2510
cuda, False
avg batch time, 2.79876549435
50%-tile latency, 0.228960951169
99%-tile latency, 0.26144443047
through put, 4.36755697813
data
3.01573677063
2.75076742172
2.75014719963
2.74934139252
2.74745841026
2.74949679375
2.74894599915
2.7517824173
2.74604439735
2.74662637711
2.74418058395
2.7476044178
2.74555778503
2.74744377136
2.74264578819
2.7497376442
2.74436998367
2.74513239861
2.7480820179
2.74832897186
2.74398379326
2.74293699265
2.74688363075
2.74784479141
2.74686999321
2.74298758507
2.74274420738
2.74467058182
2.74387979507
2.74229822159
2.74135580063
2.74187955856
2.74478960037
2.93466959
2.98965120316
2.79159259796
2.89468383789
2.97432937622
2.77006139755
2.88237481117
2.97208919525
2.75900840759
3.14602899551
3.12828240395
2.87934942245
2.95195879936
2.7427063942
2.74322938919
2.74340519905
2.74229860306
