batch times pre normalized by hold_sec =,5.0
wer, 10.0
cer, 3.81355932203
bs, 2
hold_idx, 2510
cuda, False
avg batch time, 2.03129115105
50%-tile latency, 0.947720909119
99%-tile latency, 1.25565012646
through put, 1.0551629603
data
1.88952083588
1.73649497032
2.51103157997
2.51155838966
2.50927362442
2.50823264122
1.78150281906
2.43127260208
2.18605318069
2.24195399284
1.83738899231
1.99244680405
2.44166522026
2.43140697479
1.69605140686
2.35564279556
1.69716658592
1.69757237434
1.69787421227
1.69777960777
1.6962597847
1.69665522575
1.69852237701
1.69803762436
1.69781503677
1.69804682732
1.69698519707
1.69697899818
1.6967810154
2.50595397949
1.78502721786
2.50086841583
2.5025812149
1.9013628006
2.49282398224
2.49408121109
2.49318099022
1.95355219841
2.10476078987
1.92305259705
2.49679260254
2.49668121338
2.49737181664
1.96834039688
1.8358476162
1.69771819115
1.69726099968
1.69656500816
1.69674921036
1.69601340294
