batch times pre normalized by hold_sec =,5.0
wer, 10.0
cer, 3.81355932203
bs, 3
hold_idx, 2510
cuda, False
avg batch time, 2.02724985981
50%-tile latency, 0.597052296003
99%-tile latency, 0.883143025716
through put, 1.67489515859
data
1.87821640968
2.64555478096
2.58058757782
2.61614699364
1.89030718803
2.62218198776
2.62138643265
2.41403059959
1.79143943787
1.7913310051
1.79020442963
1.79132356644
1.79099020958
1.79142217636
1.79088282585
1.7897424221
1.78915581703
1.79054961205
1.78935799599
1.78981900215
1.82451219559
2.63347001076
2.63227758408
2.63288259506
2.36493859291
2.26453037262
2.63884997368
2.225704813
2.64932236671
2.64953160286
2.09835700989
1.78953418732
1.78943581581
1.78945279121
1.78921179771
1.78906502724
1.78944077492
1.78940238953
1.78861479759
1.78990039825
1.78994517326
1.79182081223
1.79141139984
1.78898501396
1.78822302818
1.78810157776
1.78825979233
1.78747820854
1.78823137283
1.78697104454
