batch times pre normalized by hold_sec =,5.0
wer, 10.0
cer, 3.81355932203
bs, 4
hold_idx, 2510
cuda, False
avg batch time, 1.90547896957
50%-tile latency, 0.473687946796
99%-tile latency, 0.540999736428
through put, 2.11109445947
data
2.41687078476
1.90080580711
1.8987405777
1.89714999199
1.8968100071
1.89563741684
1.89475097656
1.8972755909
1.89525241852
1.89475259781
1.89436779022
1.89471139908
1.89568343163
1.89548201561
1.89665679932
1.897067976
1.89514541626
1.89606518745
1.89552278519
1.89544239044
1.89489722252
1.89323539734
1.89308600426
1.89297819138
1.89333319664
1.89393100739
1.89534277916
1.89383182526
1.89539442062
1.89543719292
1.89583697319
1.89454321861
1.89533720016
1.89426860809
1.89398460388
1.8942401886
1.8953482151
1.89422898293
1.89333782196
1.89529304504
1.89409141541
1.89423518181
1.89405021667
1.89398021698
1.89405879974
1.89442782402
1.89422960281
1.89410858154
1.8942232132
1.89446597099
