batch times pre normalized by hold_sec =,5.0
wer, 10.0
cer, 3.81355932203
bs, 5
hold_idx, 2510
cuda, False
avg batch time, 2.00489115524
50%-tile latency, 0.399325118065
99%-tile latency, 0.442623793411
through put, 2.50422514077
data
2.23314437866
2.00050578117
1.99790377617
1.99759979248
1.9984852314
1.99684996605
1.99647979736
1.99724240303
1.99661660194
1.99638538361
1.99506840706
1.99495801926
1.99570598602
1.99397239685
1.99396681786
1.99404058456
1.99359960556
1.99352083206
1.99365978241
1.99381818771
1.99326601028
1.99383201599
1.99416761398
1.99484019279
1.99403038025
1.99366941452
1.99509077072
1.99550156593
1.9966149807
1.99782118797
1.99720139503
1.99787721634
1.99695539474
1.9978869915
1.99703478813
1.99667520523
1.99711580276
1.99426655769
1.99526977539
1.9962138176
1.99873280525
1.99866099358
2.19227619171
1.99857840538
1.99795761108
1.99800896645
1.9966345787
1.99904837608
1.99772744179
1.99807758331
