batch times pre normalized by hold_sec =,5.0
wer, 10.0
cer, 3.81355932203
bs, 6
hold_idx, 2510
cuda, False
avg batch time, 2.10997870922
50%-tile latency, 0.35019698143
99%-tile latency, 0.388505202373
through put, 2.85553574996
data
2.54807877541
2.10512456894
2.10105619431
2.10222997665
2.10226202011
2.10230760574
2.10219321251
2.10124878883
2.101684618
2.10009660721
2.10042057037
2.09990901947
2.10068917274
2.10183844566
2.10101122856
2.1033829689
2.10300779343
2.1044948101
2.10336260796
2.10240616798
2.09986743927
2.1017911911
2.10183539391
2.10096421242
2.10132236481
2.10208778381
2.1019299984
2.10267920494
2.10135660172
2.10120139122
2.09982638359
2.09950437546
2.09861321449
2.09884057045
2.09844021797
2.09785957336
2.09930038452
2.09870476723
2.09820842743
2.09926877022
2.09954843521
2.09960942268
2.10029740334
2.10013222694
2.09904141426
2.10094518661
2.10116238594
2.10240340233
2.10293040276
2.10245776176
