batch times pre normalized by hold_sec =,5.0
wer, 10.0
cer, 3.81355932203
bs, 7
hold_idx, 2510
cuda, False
avg batch time, 2.22789692497
50%-tile latency, 0.316055086681
99%-tile latency, 0.372324025018
through put, 3.16400539698
data
2.34517498016
2.85712242126
2.21703763008
2.21328759193
2.21197638512
2.21198477745
2.2124147892
2.21136584282
2.2114677906
2.21008400917
2.21221857071
2.21315917969
2.21368160248
2.21254878044
2.21142420769
2.21237659454
2.21239461899
2.21205601692
2.2114235878
2.2122191906
2.21170539856
2.21046123505
2.21189579964
2.21317338943
2.21506500244
2.21307520866
2.2126229763
2.21123661995
2.21203956604
2.21251378059
2.21410636902
2.21446838379
2.21556463242
2.211500597
2.21137275696
2.21294579506
2.21168279648
2.21177020073
2.21300215721
2.21313977242
2.21280703545
2.21319022179
2.21266536713
2.2139714241
2.21443562508
2.20982561111
2.20989480019
2.20931797028
2.20974040031
2.2102367878
