batch times pre normalized by hold_sec =,5.0
wer, 10.0
cer, 3.81355932203
bs, 8
hold_idx, 2510
cuda, False
avg batch time, 2.338432024
50%-tile latency, 0.291531988978
99%-tile latency, 0.310945590556
through put, 3.4301553099
data
2.48675279617
2.3379119873
2.33344621658
2.33441100121
2.33417277336
2.33615818024
2.3365957737
2.33415403366
2.3331618309
2.33393883705
2.33423457146
2.33318977356
2.32933621407
2.33225841522
2.33346362114
2.33181743622
2.33163499832
2.33066482544
2.33091802597
2.33020038605
2.3296751976
2.32925696373
2.3294757843
2.33181037903
2.3327395916
2.33076915741
2.33353357315
2.33287501335
2.32889919281
2.32988500595
2.33253903389
2.33228759766
2.33089857101
2.33051099777
2.33102259636
2.33135638237
2.33097877502
2.3315510273
2.33301239014
2.33205099106
2.33237061501
2.48834481239
2.33164081573
2.33317461014
2.3314997673
2.3318734169
2.33225340843
2.33102779388
2.33252401352
2.33334202766
