batch times pre normalized by hold_sec =,5.0
wer, 10.0
cer, 3.81355932203
bs, 9
hold_idx, 2510
cuda, False
avg batch time, 2.43601380157
50%-tile latency, 0.269160577986
99%-tile latency, 0.308625396093
through put, 3.71525431949
data
2.67113699913
2.42885117531
2.42422060966
2.42275896072
2.87994399071
2.42149062157
2.42149338722
2.42042598724
2.42080321312
2.41931657791
2.41941280365
2.41778597832
2.42036538124
2.4202984333
2.42038640976
2.41948080063
2.41950960159
2.42307457924
2.42399816513
2.42376799583
2.42394480705
2.42364940643
2.42361617088
2.42320404053
2.42110443115
2.42564516068
2.42498297691
2.42509741783
2.42338356972
2.42298398018
2.42483801842
2.42435722351
2.42245979309
2.42115278244
2.42313961983
2.42302522659
2.42368416786
2.42253298759
2.42243061066
2.42227258682
2.42192139626
2.42276220322
2.42000041008
2.41755399704
2.4184510231
2.41849656105
2.41791181564
2.41862902641
2.41850161552
2.42043538094
